,Reservoir_Size,State_noise,Sprectral_radius,Rmse_val_mean,Rmse_tr_mean
0,20,0.3,1.3,0.09906500791840604,0.05866447953286092
1,20,0.30769230769230765,1.3,0.09710150988781353,0.05866447953286092
2,20,0.3153846153846154,1.3,0.09923932910104391,0.05866447953286092
3,20,0.32307692307692304,1.3,0.10056645450966024,0.05866447953286092
4,20,0.33076923076923076,1.3,0.10427593161467422,0.05866447953286092
5,20,0.3384615384615384,1.3,0.09644392299067943,0.05866447953286092
6,20,0.34615384615384615,1.3,0.09830138228332566,0.05866447953286092
7,20,0.3538461538461538,1.3,0.10013989325160508,0.05866447953286092
8,20,0.36153846153846153,1.3,0.10543896491316743,0.05866447953286092
9,20,0.3692307692307692,1.3,0.10493979765344996,0.05866447953286092
10,20,0.3769230769230769,1.3,0.09906282684367038,0.05866447953286092
11,20,0.3846153846153846,1.3,0.09864374084399441,0.05866447953286092
12,20,0.3923076923076923,1.3,0.10279345928165266,0.05866447953286092
13,20,0.39999999999999997,1.3,0.09811315955711973,0.05866447953286092
14,20,0.4076923076923077,1.3,0.10371915900113331,0.05866447953286092
15,20,0.41538461538461535,1.3,0.09730197636307297,0.05866447953286092
16,20,0.4230769230769231,1.3,0.10112993743941354,0.05866447953286092
17,20,0.43076923076923074,1.3,0.10046522098077201,0.05866447953286092
18,20,0.43846153846153846,1.3,0.10246412933281321,0.05866447953286092
19,20,0.4461538461538461,1.3,0.10035203041661338,0.05866447953286092
20,20,0.4538461538461538,1.3,0.09880240110086495,0.05866447953286092
21,20,0.4615384615384615,1.3,0.10374172817594396,0.05866447953286092
22,20,0.46923076923076923,1.3,0.09995409035208472,0.05866447953286092
23,20,0.4769230769230769,1.3,0.10326333543039885,0.05866447953286092
24,20,0.48461538461538456,1.3,0.10128993049375926,0.05866447953286092
25,20,0.4923076923076923,1.3,0.09945898240016368,0.05866447953286092
26,20,0.5,1.3,0.10409098977691271,0.05866447953286092
27,20,0.5076923076923077,1.3,0.10391349460501535,0.05866447953286092
28,20,0.5153846153846153,1.3,0.10228730452893,0.05866447953286092
29,20,0.523076923076923,1.3,0.10207028583740692,0.05866447953286092
30,20,0.5307692307692308,1.3,0.10151042518687228,0.05866447953286092
31,20,0.5384615384615384,1.3,0.10141643661044739,0.05866447953286092
32,20,0.5461538461538461,1.3,0.10396040716821557,0.05866447953286092
33,20,0.5538461538461539,1.3,0.10120130585888425,0.05866447953286092
34,20,0.5615384615384615,1.3,0.10327393894018297,0.05866447953286092
35,20,0.5692307692307692,1.3,0.1030444390173855,0.05866447953286092
36,20,0.5769230769230769,1.3,0.10525015310587424,0.05866447953286092
37,20,0.5846153846153845,1.3,0.10290506890504292,0.05866447953286092
38,20,0.5923076923076922,1.3,0.10236298869638416,0.05866447953286092
39,20,0.6,1.3,0.10444413823360472,0.05866447953286092
40,34,0.3,1.3,0.10155471097233053,0.05866447953286092
41,34,0.30769230769230765,1.3,0.1011791228861257,0.05866447953286092
42,34,0.3153846153846154,1.3,0.10239266121320989,0.05866447953286092
43,34,0.32307692307692304,1.3,0.10225549690082077,0.05866447953286092
44,34,0.33076923076923076,1.3,0.10317154642337974,0.05866447953286092
45,34,0.3384615384615384,1.3,0.09920303399535514,0.05866447953286092
46,34,0.34615384615384615,1.3,0.10179694962561422,0.05866447953286092
47,34,0.3538461538461538,1.3,0.10216571370653264,0.05866447953286092
48,34,0.36153846153846153,1.3,0.10135771960958964,0.05866447953286092
49,34,0.3692307692307692,1.3,0.10188713101190075,0.05866447953286092
50,34,0.3769230769230769,1.3,0.09987964445665001,0.05866447953286092
51,34,0.3846153846153846,1.3,0.10031352689207826,0.05866447953286092
52,34,0.3923076923076923,1.3,0.10194512388405845,0.05866447953286092
53,34,0.39999999999999997,1.3,0.10142965807015233,0.05866447953286092
54,34,0.4076923076923077,1.3,0.09927148063923388,0.05866447953286092
55,34,0.41538461538461535,1.3,0.10056047879765648,0.05866447953286092
56,34,0.4230769230769231,1.3,0.10014962729166729,0.05866447953286092
57,34,0.43076923076923074,1.3,0.10242905086416279,0.05866447953286092
58,34,0.43846153846153846,1.3,0.1026113486977461,0.05866447953286092
59,34,0.4461538461538461,1.3,0.10058256162370663,0.05866447953286092
60,34,0.4538461538461538,1.3,0.1012839413992203,0.05866447953286092
61,34,0.4615384615384615,1.3,0.10001755259390063,0.05866447953286092
62,34,0.46923076923076923,1.3,0.09866697690731384,0.05866447953286092
63,34,0.4769230769230769,1.3,0.09810888850386013,0.05866447953286092
64,34,0.48461538461538456,1.3,0.10114457769856315,0.05866447953286092
65,34,0.4923076923076923,1.3,0.10089345870621332,0.05866447953286092
66,34,0.5,1.3,0.10025979218031242,0.05866447953286092
67,34,0.5076923076923077,1.3,0.09936546044145027,0.05866447953286092
68,34,0.5153846153846153,1.3,0.10488152226304093,0.05866447953286092
69,34,0.523076923076923,1.3,0.1031573544378532,0.05866447953286092
70,34,0.5307692307692308,1.3,0.09982778052490504,0.05866447953286092
71,34,0.5384615384615384,1.3,0.10060118344468479,0.05866447953286092
72,34,0.5461538461538461,1.3,0.10389963702531328,0.05866447953286092
73,34,0.5538461538461539,1.3,0.1045219933631825,0.05866447953286092
74,34,0.5615384615384615,1.3,0.10468646418470304,0.05866447953286092
75,34,0.5692307692307692,1.3,0.10226529141888847,0.05866447953286092
76,34,0.5769230769230769,1.3,0.10006563933003303,0.05866447953286092
77,34,0.5846153846153845,1.3,0.10589833484901374,0.05866447953286092
78,34,0.5923076923076922,1.3,0.10563809114729025,0.05866447953286092
79,34,0.6,1.3,0.10174848710170199,0.05866447953286092
80,49,0.3,1.3,0.08974344538328491,0.05866447953286092
81,49,0.30769230769230765,1.3,0.0888980474810103,0.05866447953286092
82,49,0.3153846153846154,1.3,0.08820054306694258,0.05866447953286092
83,49,0.32307692307692304,1.3,0.09058893036411339,0.05866447953286092
84,49,0.33076923076923076,1.3,0.09010125963294646,0.05866447953286092
85,49,0.3384615384615384,1.3,0.09151470466293793,0.05866447953286092
86,49,0.34615384615384615,1.3,0.0932401743280947,0.05866447953286092
87,49,0.3538461538461538,1.3,0.0884096217111949,0.05866447953286092
88,49,0.36153846153846153,1.3,0.09301348973636063,0.05866447953286092
89,49,0.3692307692307692,1.3,0.09297476190868655,0.05866447953286092
90,49,0.3769230769230769,1.3,0.09192670307945565,0.05866447953286092
91,49,0.3846153846153846,1.3,0.09123626601890504,0.05866447953286092
92,49,0.3923076923076923,1.3,0.0889155775574196,0.05866447953286092
93,49,0.39999999999999997,1.3,0.09069296098258131,0.05866447953286092
94,49,0.4076923076923077,1.3,0.09115243948865574,0.05866447953286092
95,49,0.41538461538461535,1.3,0.09117134228371164,0.05866447953286092
96,49,0.4230769230769231,1.3,0.09130967080886007,0.05866447953286092
97,49,0.43076923076923074,1.3,0.09344787932014877,0.05866447953286092
98,49,0.43846153846153846,1.3,0.09069769817527933,0.05866447953286092
99,49,0.4461538461538461,1.3,0.09246213786844489,0.05866447953286092
100,49,0.4538461538461538,1.3,0.09124970636757915,0.05866447953286092
101,49,0.4615384615384615,1.3,0.09510993308522145,0.05866447953286092
102,49,0.46923076923076923,1.3,0.09415280557805661,0.05866447953286092
103,49,0.4769230769230769,1.3,0.09228571585213594,0.05866447953286092
104,49,0.48461538461538456,1.3,0.09276680310571281,0.05866447953286092
105,49,0.4923076923076923,1.3,0.09346224230508918,0.05866447953286092
106,49,0.5,1.3,0.09196578502913762,0.05866447953286092
107,49,0.5076923076923077,1.3,0.09415803748247084,0.05866447953286092
108,49,0.5153846153846153,1.3,0.09369581644274658,0.05866447953286092
109,49,0.523076923076923,1.3,0.09384459087368045,0.05866447953286092
110,49,0.5307692307692308,1.3,0.09232033955197609,0.05866447953286092
111,49,0.5384615384615384,1.3,0.09363229171936857,0.05866447953286092
112,49,0.5461538461538461,1.3,0.09647154567095327,0.05866447953286092
113,49,0.5538461538461539,1.3,0.09456693163958982,0.05866447953286092
114,49,0.5615384615384615,1.3,0.09235638396906574,0.05866447953286092
115,49,0.5692307692307692,1.3,0.0954841311915994,0.05866447953286092
116,49,0.5769230769230769,1.3,0.09549067437736465,0.05866447953286092
117,49,0.5846153846153845,1.3,0.0946118811780963,0.05866447953286092
118,49,0.5923076923076922,1.3,0.09489094366818797,0.05866447953286092
119,49,0.6,1.3,0.09735457643859936,0.05866447953286092
120,64,0.3,1.3,0.09423299683543218,0.05866447953286092
121,64,0.30769230769230765,1.3,0.098133560401635,0.05866447953286092
122,64,0.3153846153846154,1.3,0.09360551051019336,0.05866447953286092
123,64,0.32307692307692304,1.3,0.0952715437669238,0.05866447953286092
124,64,0.33076923076923076,1.3,0.09543801281802561,0.05866447953286092
125,64,0.3384615384615384,1.3,0.09422920518192276,0.05866447953286092
126,64,0.34615384615384615,1.3,0.09411956968685883,0.05866447953286092
127,64,0.3538461538461538,1.3,0.09473604909016649,0.05866447953286092
128,64,0.36153846153846153,1.3,0.09338156777159344,0.05866447953286092
129,64,0.3692307692307692,1.3,0.09316689470539222,0.05866447953286092
130,64,0.3769230769230769,1.3,0.0925002281565365,0.05866447953286092
131,64,0.3846153846153846,1.3,0.09409822009582994,0.05866447953286092
132,64,0.3923076923076923,1.3,0.09440563372893429,0.05866447953286092
133,64,0.39999999999999997,1.3,0.09233338876675283,0.05866447953286092
134,64,0.4076923076923077,1.3,0.09468150430297198,0.05866447953286092
135,64,0.41538461538461535,1.3,0.09696595790885018,0.05866447953286092
136,64,0.4230769230769231,1.3,0.09458992324309648,0.05866447953286092
137,64,0.43076923076923074,1.3,0.09564884453732515,0.05866447953286092
138,64,0.43846153846153846,1.3,0.09539441915325074,0.05866447953286092
139,64,0.4461538461538461,1.3,0.09622457851859892,0.05866447953286092
140,64,0.4538461538461538,1.3,0.09718551362476331,0.05866447953286092
141,64,0.4615384615384615,1.3,0.09577437736487265,0.05866447953286092
142,64,0.46923076923076923,1.3,0.09444558382037296,0.05866447953286092
143,64,0.4769230769230769,1.3,0.09354564867083617,0.05866447953286092
144,64,0.48461538461538456,1.3,0.09454989772000537,0.05866447953286092
145,64,0.4923076923076923,1.3,0.09366229963715368,0.05866447953286092
146,64,0.5,1.3,0.09417103473140574,0.05866447953286092
147,64,0.5076923076923077,1.3,0.09580361881779292,0.05866447953286092
148,64,0.5153846153846153,1.3,0.09399264389700349,0.05866447953286092
149,64,0.523076923076923,1.3,0.09357965033594631,0.05866447953286092
150,64,0.5307692307692308,1.3,0.09351576967702466,0.05866447953286092
151,64,0.5384615384615384,1.3,0.09428638265707742,0.05866447953286092
152,64,0.5461538461538461,1.3,0.09696796783944697,0.05866447953286092
153,64,0.5538461538461539,1.3,0.09581698095438936,0.05866447953286092
154,64,0.5615384615384615,1.3,0.09553721284577084,0.05866447953286092
155,64,0.5692307692307692,1.3,0.09488459698435717,0.05866447953286092
156,64,0.5769230769230769,1.3,0.09496838114055536,0.05866447953286092
157,64,0.5846153846153845,1.3,0.09670753426572651,0.05866447953286092
158,64,0.5923076923076922,1.3,0.09599667184845304,0.05866447953286092
159,64,0.6,1.3,0.09750444522112234,0.05866447953286092
160,79,0.3,1.3,0.09133983050957174,0.05866447953286092
161,79,0.30769230769230765,1.3,0.08279892877704297,0.05866447953286092
162,79,0.3153846153846154,1.3,0.08622612872911928,0.05866447953286092
163,79,0.32307692307692304,1.3,0.08509375141035322,0.05866447953286092
164,79,0.33076923076923076,1.3,0.08548957208662597,0.05866447953286092
165,79,0.3384615384615384,1.3,0.08675955994051363,0.05866447953286092
166,79,0.34615384615384615,1.3,0.08413394161523717,0.05866447953286092
167,79,0.3538461538461538,1.3,0.08671984403298294,0.05866447953286092
168,79,0.36153846153846153,1.3,0.08324874301488273,0.05866447953286092
169,79,0.3692307692307692,1.3,0.08648282952176714,0.05866447953286092
170,79,0.3769230769230769,1.3,0.08417889451003624,0.05866447953286092
171,79,0.3846153846153846,1.3,0.08635976610193526,0.05866447953286092
172,79,0.3923076923076923,1.3,0.0829411617896944,0.05866447953286092
173,79,0.39999999999999997,1.3,0.0843893738815483,0.05866447953286092
174,79,0.4076923076923077,1.3,0.08442780496058784,0.05866447953286092
175,79,0.41538461538461535,1.3,0.08544038913324932,0.05866447953286092
176,79,0.4230769230769231,1.3,0.08390404935582399,0.05866447953286092
177,79,0.43076923076923074,1.3,0.08745565466658581,0.05866447953286092
178,79,0.43846153846153846,1.3,0.08616999170100972,0.05866447953286092
179,79,0.4461538461538461,1.3,0.08498607375379887,0.05866447953286092
180,79,0.4538461538461538,1.3,0.0861657086928308,0.05866447953286092
181,79,0.4615384615384615,1.3,0.08794378654653676,0.05866447953286092
182,79,0.46923076923076923,1.3,0.08487655538565027,0.05866447953286092
183,79,0.4769230769230769,1.3,0.08702843131726534,0.05866447953286092
184,79,0.48461538461538456,1.3,0.08789631278468195,0.05866447953286092
185,79,0.4923076923076923,1.3,0.08658338875127203,0.05866447953286092
186,79,0.5,1.3,0.08736022226664633,0.05866447953286092
187,79,0.5076923076923077,1.3,0.08654354781786464,0.05866447953286092
188,79,0.5153846153846153,1.3,0.08888970039891786,0.05866447953286092
189,79,0.523076923076923,1.3,0.08960128813403301,0.05866447953286092
190,79,0.5307692307692308,1.3,0.08846260625554347,0.05866447953286092
191,79,0.5384615384615384,1.3,0.08778957562691955,0.05866447953286092
192,79,0.5461538461538461,1.3,0.08695598841615329,0.05866447953286092
193,79,0.5538461538461539,1.3,0.08888545234192671,0.05866447953286092
194,79,0.5615384615384615,1.3,0.08956479139438782,0.05866447953286092
195,79,0.5692307692307692,1.3,0.08892283943175634,0.05866447953286092
196,79,0.5769230769230769,1.3,0.090681312670819,0.05866447953286092
197,79,0.5846153846153845,1.3,0.08767131387056588,0.05866447953286092
198,79,0.5923076923076922,1.3,0.08967714226589259,0.05866447953286092
199,79,0.6,1.3,0.09085952971080488,0.05866447953286092
200,94,0.3,1.3,0.08241313849928841,0.05866447953286092
201,94,0.30769230769230765,1.3,0.0833874705084095,0.05866447953286092
202,94,0.3153846153846154,1.3,0.08229131323370913,0.05866447953286092
203,94,0.32307692307692304,1.3,0.08404707395048594,0.05866447953286092
204,94,0.33076923076923076,1.3,0.08384784133496816,0.05866447953286092
205,94,0.3384615384615384,1.3,0.08270122979361154,0.05866447953286092
206,94,0.34615384615384615,1.3,0.0819429477520049,0.05866447953286092
207,94,0.3538461538461538,1.3,0.08148079792924308,0.05866447953286092
208,94,0.36153846153846153,1.3,0.08175767940626492,0.05866447953286092
209,94,0.3692307692307692,1.3,0.08117043541738625,0.05866447953286092
210,94,0.3769230769230769,1.3,0.08275919585394201,0.05866447953286092
211,94,0.3846153846153846,1.3,0.08224607843730897,0.05866447953286092
212,94,0.3923076923076923,1.3,0.0828901793022894,0.05866447953286092
213,94,0.39999999999999997,1.3,0.08355926968406975,0.05866447953286092
214,94,0.4076923076923077,1.3,0.08304398063856941,0.05866447953286092
215,94,0.41538461538461535,1.3,0.08441430016036044,0.05866447953286092
216,94,0.4230769230769231,1.3,0.08423393937113541,0.05866447953286092
217,94,0.43076923076923074,1.3,0.08320267338905654,0.05866447953286092
218,94,0.43846153846153846,1.3,0.08355262796565979,0.05866447953286092
219,94,0.4461538461538461,1.3,0.08538312930304597,0.05866447953286092
220,94,0.4538461538461538,1.3,0.08574956451301274,0.05866447953286092
221,94,0.4615384615384615,1.3,0.08534945174692252,0.05866447953286092
222,94,0.46923076923076923,1.3,0.08473328138438371,0.05866447953286092
223,94,0.4769230769230769,1.3,0.08475676753656673,0.05866447953286092
224,94,0.48461538461538456,1.3,0.08402602210389656,0.05866447953286092
225,94,0.4923076923076923,1.3,0.08601689084080515,0.05866447953286092
226,94,0.5,1.3,0.08554803594280266,0.05866447953286092
227,94,0.5076923076923077,1.3,0.085707426880025,0.05866447953286092
228,94,0.5153846153846153,1.3,0.08402418253680495,0.05866447953286092
229,94,0.523076923076923,1.3,0.08656968570703127,0.05866447953286092
230,94,0.5307692307692308,1.3,0.08757866420284155,0.05866447953286092
231,94,0.5384615384615384,1.3,0.08550307161984878,0.05866447953286092
232,94,0.5461538461538461,1.3,0.08628391015988704,0.05866447953286092
233,94,0.5538461538461539,1.3,0.0857051997750551,0.05866447953286092
234,94,0.5615384615384615,1.3,0.08670025838361621,0.05866447953286092
235,94,0.5692307692307692,1.3,0.08823500172456951,0.05866447953286092
236,94,0.5769230769230769,1.3,0.08665282574965388,0.05866447953286092
237,94,0.5846153846153845,1.3,0.08593556815783396,0.05866447953286092
238,94,0.5923076923076922,1.3,0.08642100417233667,0.05866447953286092
239,94,0.6,1.3,0.08627278724640046,0.05866447953286092
240,109,0.3,1.3,0.08430736465668683,0.05866447953286092
241,109,0.30769230769230765,1.3,0.08390887454070481,0.05866447953286092
242,109,0.3153846153846154,1.3,0.08482358001187791,0.05866447953286092
243,109,0.32307692307692304,1.3,0.08476805592746187,0.05866447953286092
244,109,0.33076923076923076,1.3,0.08330664353005487,0.05866447953286092
245,109,0.3384615384615384,1.3,0.08520280990260871,0.05866447953286092
246,109,0.34615384615384615,1.3,0.08402421329439537,0.05866447953286092
247,109,0.3538461538461538,1.3,0.08514730127662898,0.05866447953286092
248,109,0.36153846153846153,1.3,0.08536406968712824,0.05866447953286092
249,109,0.3692307692307692,1.3,0.08437279766227798,0.05866447953286092
250,109,0.3769230769230769,1.3,0.0856626726418069,0.05866447953286092
251,109,0.3846153846153846,1.3,0.08266176007516621,0.05866447953286092
252,109,0.3923076923076923,1.3,0.08320451700769696,0.05866447953286092
253,109,0.39999999999999997,1.3,0.0839958964101328,0.05866447953286092
254,109,0.4076923076923077,1.3,0.0824441159962256,0.05866447953286092
255,109,0.41538461538461535,1.3,0.08501267833606403,0.05866447953286092
256,109,0.4230769230769231,1.3,0.08276676544741746,0.05866447953286092
257,109,0.43076923076923074,1.3,0.0834870016804326,0.05866447953286092
258,109,0.43846153846153846,1.3,0.08494599125175081,0.05866447953286092
259,109,0.4461538461538461,1.3,0.08586029652250679,0.05866447953286092
260,109,0.4538461538461538,1.3,0.08428693263537086,0.05866447953286092
261,109,0.4615384615384615,1.3,0.08509485029236231,0.05866447953286092
262,109,0.46923076923076923,1.3,0.08538887618669969,0.05866447953286092
263,109,0.4769230769230769,1.3,0.08558241204835601,0.05866447953286092
264,109,0.48461538461538456,1.3,0.08376193888797132,0.05866447953286092
265,109,0.4923076923076923,1.3,0.08340196221503332,0.05866447953286092
266,109,0.5,1.3,0.08336927867955007,0.05866447953286092
267,109,0.5076923076923077,1.3,0.08733025344708953,0.05866447953286092
268,109,0.5153846153846153,1.3,0.08495192293923459,0.05866447953286092
269,109,0.523076923076923,1.3,0.08588485821737435,0.05866447953286092
270,109,0.5307692307692308,1.3,0.08743259817066841,0.05866447953286092
271,109,0.5384615384615384,1.3,0.08629486489168534,0.05866447953286092
272,109,0.5461538461538461,1.3,0.08605637047571826,0.05866447953286092
273,109,0.5538461538461539,1.3,0.08508814221906909,0.05866447953286092
274,109,0.5615384615384615,1.3,0.08517336465752415,0.05866447953286092
275,109,0.5692307692307692,1.3,0.08509548278891822,0.05866447953286092
276,109,0.5769230769230769,1.3,0.09020909838005667,0.05866447953286092
277,109,0.5846153846153845,1.3,0.08580293982920195,0.05866447953286092
278,109,0.5923076923076922,1.3,0.08591138820365606,0.05866447953286092
279,109,0.6,1.3,0.08732540349338068,0.05866447953286092
280,124,0.3,1.3,0.08527858274586934,0.05866447953286092
281,124,0.30769230769230765,1.3,0.08719820103324519,0.05866447953286092
282,124,0.3153846153846154,1.3,0.08480119777343022,0.05866447953286092
283,124,0.32307692307692304,1.3,0.08502413365556685,0.05866447953286092
284,124,0.33076923076923076,1.3,0.08596425147939557,0.05866447953286092
285,124,0.3384615384615384,1.3,0.08676386142177277,0.05866447953286092
286,124,0.34615384615384615,1.3,0.085808482616387,0.05866447953286092
287,124,0.3538461538461538,1.3,0.08411245398121259,0.05866447953286092
288,124,0.36153846153846153,1.3,0.08601985348619401,0.05866447953286092
289,124,0.3692307692307692,1.3,0.08729158332325176,0.05866447953286092
290,124,0.3769230769230769,1.3,0.08367877258975874,0.05866447953286092
291,124,0.3846153846153846,1.3,0.08377773874647529,0.05866447953286092
292,124,0.3923076923076923,1.3,0.08341874882999914,0.05866447953286092
293,124,0.39999999999999997,1.3,0.08492230936381709,0.05866447953286092
294,124,0.4076923076923077,1.3,0.08471660785538909,0.05866447953286092
295,124,0.41538461538461535,1.3,0.08697219287856135,0.05866447953286092
296,124,0.4230769230769231,1.3,0.08505216324508459,0.05866447953286092
297,124,0.43076923076923074,1.3,0.08432276204593117,0.05866447953286092
298,124,0.43846153846153846,1.3,0.08429775826934963,0.05866447953286092
299,124,0.4461538461538461,1.3,0.08369650454164106,0.05866447953286092
300,124,0.4538461538461538,1.3,0.086701457385266,0.05866447953286092
301,124,0.4615384615384615,1.3,0.08358542456016346,0.05866447953286092
302,124,0.46923076923076923,1.3,0.08562113338357491,0.05866447953286092
303,124,0.4769230769230769,1.3,0.08645655673605732,0.05866447953286092
304,124,0.48461538461538456,1.3,0.08400474421921514,0.05866447953286092
305,124,0.4923076923076923,1.3,0.08668781873941932,0.05866447953286092
306,124,0.5,1.3,0.08577277043906617,0.05866447953286092
307,124,0.5076923076923077,1.3,0.08557684458754827,0.05866447953286092
308,124,0.5153846153846153,1.3,0.085666889290745,0.05866447953286092
309,124,0.523076923076923,1.3,0.08458736091665435,0.05866447953286092
310,124,0.5307692307692308,1.3,0.08484680611377508,0.05866447953286092
311,124,0.5384615384615384,1.3,0.08497213279558394,0.05866447953286092
312,124,0.5461538461538461,1.3,0.08468838925953079,0.05866447953286092
313,124,0.5538461538461539,1.3,0.08481999080994156,0.05866447953286092
314,124,0.5615384615384615,1.3,0.08564995593794557,0.05866447953286092
315,124,0.5692307692307692,1.3,0.0852667616379739,0.05866447953286092
316,124,0.5769230769230769,1.3,0.08541135042397244,0.05866447953286092
317,124,0.5846153846153845,1.3,0.08562167707376607,0.05866447953286092
318,124,0.5923076923076922,1.3,0.08629731456308501,0.05866447953286092
319,124,0.6,1.3,0.08580016132524712,0.05866447953286092
320,138,0.3,1.3,0.08959096730146215,0.05866447953286092
321,138,0.30769230769230765,1.3,0.08977624279802143,0.05866447953286092
322,138,0.3153846153846154,1.3,0.08934266864780681,0.05866447953286092
323,138,0.32307692307692304,1.3,0.09098562452476222,0.05866447953286092
324,138,0.33076923076923076,1.3,0.08877937694348728,0.05866447953286092
325,138,0.3384615384615384,1.3,0.08801155126604218,0.05866447953286092
326,138,0.34615384615384615,1.3,0.08936252420619413,0.05866447953286092
327,138,0.3538461538461538,1.3,0.08790232902469687,0.05866447953286092
328,138,0.36153846153846153,1.3,0.08788372509735484,0.05866447953286092
329,138,0.3692307692307692,1.3,0.08776014500036737,0.05866447953286092
330,138,0.3769230769230769,1.3,0.08640569033623816,0.05866447953286092
331,138,0.3846153846153846,1.3,0.08791084531896612,0.05866447953286092
332,138,0.3923076923076923,1.3,0.08861955644914066,0.05866447953286092
333,138,0.39999999999999997,1.3,0.08850220425707088,0.05866447953286092
334,138,0.4076923076923077,1.3,0.08798915878116594,0.05866447953286092
335,138,0.41538461538461535,1.3,0.0873268342464225,0.05866447953286092
336,138,0.4230769230769231,1.3,0.08792566931824744,0.05866447953286092
337,138,0.43076923076923074,1.3,0.08708987439265406,0.05866447953286092
338,138,0.43846153846153846,1.3,0.08532717104695989,0.05866447953286092
339,138,0.4461538461538461,1.3,0.08633785866869077,0.05866447953286092
340,138,0.4538461538461538,1.3,0.08586078404967559,0.05866447953286092
341,138,0.4615384615384615,1.3,0.08657293424823052,0.05866447953286092
342,138,0.46923076923076923,1.3,0.08667354951254314,0.05866447953286092
343,138,0.4769230769230769,1.3,0.08590329214098909,0.05866447953286092
344,138,0.48461538461538456,1.3,0.08722710467200115,0.05866447953286092
345,138,0.4923076923076923,1.3,0.08712608385160373,0.05866447953286092
346,138,0.5,1.3,0.08744704323683718,0.05866447953286092
347,138,0.5076923076923077,1.3,0.08593539838674909,0.05866447953286092
348,138,0.5153846153846153,1.3,0.08846629355614172,0.05866447953286092
349,138,0.523076923076923,1.3,0.0866760509652619,0.05866447953286092
350,138,0.5307692307692308,1.3,0.08609135145001362,0.05866447953286092
351,138,0.5384615384615384,1.3,0.08699987862249117,0.05866447953286092
352,138,0.5461538461538461,1.3,0.0867774165626749,0.05866447953286092
353,138,0.5538461538461539,1.3,0.08558779928939245,0.05866447953286092
354,138,0.5615384615384615,1.3,0.08632966565355213,0.05866447953286092
355,138,0.5692307692307692,1.3,0.08682721653669126,0.05866447953286092
356,138,0.5769230769230769,1.3,0.08699826898619178,0.05866447953286092
357,138,0.5846153846153845,1.3,0.08728048402373532,0.05866447953286092
358,138,0.5923076923076922,1.3,0.08888334643828052,0.05866447953286092
359,138,0.6,1.3,0.08583563318518259,0.05866447953286092
360,153,0.3,1.3,0.08432174723896438,0.05866447953286092
361,153,0.30769230769230765,1.3,0.08608266301023706,0.05866447953286092
362,153,0.3153846153846154,1.3,0.08700444203694302,0.05866447953286092
363,153,0.32307692307692304,1.3,0.08403504040847393,0.05866447953286092
364,153,0.33076923076923076,1.3,0.08545420152128463,0.05866447953286092
365,153,0.3384615384615384,1.3,0.0852929338148247,0.05866447953286092
366,153,0.34615384615384615,1.3,0.08616986077901305,0.05866447953286092
367,153,0.3538461538461538,1.3,0.08581570934895559,0.05866447953286092
368,153,0.36153846153846153,1.3,0.0855194680772538,0.05866447953286092
369,153,0.3692307692307692,1.3,0.0821363088055392,0.05866447953286092
370,153,0.3769230769230769,1.3,0.082189825550182,0.05866447953286092
371,153,0.3846153846153846,1.3,0.08338565902797689,0.05866447953286092
372,153,0.3923076923076923,1.3,0.08245997897413475,0.05866447953286092
373,153,0.39999999999999997,1.3,0.08098731698467773,0.05866447953286092
374,153,0.4076923076923077,1.3,0.08885371242374819,0.05866447953286092
375,153,0.41538461538461535,1.3,0.08540483195690604,0.05866447953286092
376,153,0.4230769230769231,1.3,0.08152882905803419,0.05866447953286092
377,153,0.43076923076923074,1.3,0.08283061412747297,0.05866447953286092
378,153,0.43846153846153846,1.3,0.08318891675932956,0.05866447953286092
379,153,0.4461538461538461,1.3,0.08373087873043594,0.05866447953286092
380,153,0.4538461538461538,1.3,0.08381441323528879,0.05866447953286092
381,153,0.4615384615384615,1.3,0.0836727492451549,0.05866447953286092
382,153,0.46923076923076923,1.3,0.08263037183761668,0.05866447953286092
383,153,0.4769230769230769,1.3,0.08414722627714336,0.05866447953286092
384,153,0.48461538461538456,1.3,0.0814987530986733,0.05866447953286092
385,153,0.4923076923076923,1.3,0.08639365890197387,0.05866447953286092
386,153,0.5,1.3,0.08297603538328754,0.05866447953286092
387,153,0.5076923076923077,1.3,0.08595378305356248,0.05866447953286092
388,153,0.5153846153846153,1.3,0.08225198926363439,0.05866447953286092
389,153,0.523076923076923,1.3,0.08244521706178046,0.05866447953286092
390,153,0.5307692307692308,1.3,0.08566971589202549,0.05866447953286092
391,153,0.5384615384615384,1.3,0.08332765299276278,0.05866447953286092
392,153,0.5461538461538461,1.3,0.08419761479143625,0.05866447953286092
393,153,0.5538461538461539,1.3,0.08443947970729349,0.05866447953286092
394,153,0.5615384615384615,1.3,0.08395359516340657,0.05866447953286092
395,153,0.5692307692307692,1.3,0.08471256103741434,0.05866447953286092
396,153,0.5769230769230769,1.3,0.08406999596404804,0.05866447953286092
397,153,0.5846153846153845,1.3,0.08419820379250041,0.05866447953286092
398,153,0.5923076923076922,1.3,0.08349424921899366,0.05866447953286092
399,153,0.6,1.3,0.08311499000598492,0.05866447953286092
400,168,0.3,1.3,0.08866792925233132,0.05866447953286092
401,168,0.30769230769230765,1.3,0.08911579368971266,0.05866447953286092
402,168,0.3153846153846154,1.3,0.08644387365261838,0.05866447953286092
403,168,0.32307692307692304,1.3,0.08687819115252146,0.05866447953286092
404,168,0.33076923076923076,1.3,0.08450377609165896,0.05866447953286092
405,168,0.3384615384615384,1.3,0.08850915509927867,0.05866447953286092
406,168,0.34615384615384615,1.3,0.08434207671781005,0.05866447953286092
407,168,0.3538461538461538,1.3,0.08618400732009354,0.05866447953286092
408,168,0.36153846153846153,1.3,0.08498558499389981,0.05866447953286092
409,168,0.3692307692307692,1.3,0.08700529990486697,0.05866447953286092
410,168,0.3769230769230769,1.3,0.08328826112454549,0.05866447953286092
411,168,0.3846153846153846,1.3,0.08435185023906056,0.05866447953286092
412,168,0.3923076923076923,1.3,0.0834087660349532,0.05866447953286092
413,168,0.39999999999999997,1.3,0.08380857522259445,0.05866447953286092
414,168,0.4076923076923077,1.3,0.08306557781197219,0.05866447953286092
415,168,0.41538461538461535,1.3,0.08237348556157087,0.05866447953286092
416,168,0.4230769230769231,1.3,0.08176720551630015,0.05866447953286092
417,168,0.43076923076923074,1.3,0.08396661464776825,0.05866447953286092
418,168,0.43846153846153846,1.3,0.08332154672853018,0.05866447953286092
419,168,0.4461538461538461,1.3,0.0819769228639701,0.05866447953286092
420,168,0.4538461538461538,1.3,0.08314593553599643,0.05866447953286092
421,168,0.4615384615384615,1.3,0.08180917515381106,0.05866447953286092
422,168,0.46923076923076923,1.3,0.0817816242608296,0.05866447953286092
423,168,0.4769230769230769,1.3,0.0830605923123445,0.05866447953286092
424,168,0.48461538461538456,1.3,0.08583286737371916,0.05866447953286092
425,168,0.4923076923076923,1.3,0.08382018197962367,0.05866447953286092
426,168,0.5,1.3,0.08230242760470383,0.05866447953286092
427,168,0.5076923076923077,1.3,0.08327760770719878,0.05866447953286092
428,168,0.5153846153846153,1.3,0.0824118986335167,0.05866447953286092
429,168,0.523076923076923,1.3,0.08204538370620595,0.05866447953286092
430,168,0.5307692307692308,1.3,0.08179819071018524,0.05866447953286092
431,168,0.5384615384615384,1.3,0.0837736868438753,0.05866447953286092
432,168,0.5461538461538461,1.3,0.08371571804180007,0.05866447953286092
433,168,0.5538461538461539,1.3,0.08251484175177595,0.05866447953286092
434,168,0.5615384615384615,1.3,0.08390593876253749,0.05866447953286092
435,168,0.5692307692307692,1.3,0.08232376492404436,0.05866447953286092
436,168,0.5769230769230769,1.3,0.082526742149783,0.05866447953286092
437,168,0.5846153846153845,1.3,0.0838836657268707,0.05866447953286092
438,168,0.5923076923076922,1.3,0.08343844382958684,0.05866447953286092
439,168,0.6,1.3,0.08341845141960572,0.05866447953286092
440,183,0.3,1.3,0.09589426192325781,0.05866447953286092
441,183,0.30769230769230765,1.3,0.09564989013188095,0.05866447953286092
442,183,0.3153846153846154,1.3,0.09415342758223313,0.05866447953286092
443,183,0.32307692307692304,1.3,0.09680828376293814,0.05866447953286092
444,183,0.33076923076923076,1.3,0.09408700722021941,0.05866447953286092
445,183,0.3384615384615384,1.3,0.0926344053734099,0.05866447953286092
446,183,0.34615384615384615,1.3,0.09255735833834647,0.05866447953286092
447,183,0.3538461538461538,1.3,0.09218263023173778,0.05866447953286092
448,183,0.36153846153846153,1.3,0.0946906022695462,0.05866447953286092
449,183,0.3692307692307692,1.3,0.09336383187431882,0.05866447953286092
450,183,0.3769230769230769,1.3,0.0908328863773449,0.05866447953286092
451,183,0.3846153846153846,1.3,0.08962805849074575,0.05866447953286092
452,183,0.3923076923076923,1.3,0.09472217876108309,0.05866447953286092
453,183,0.39999999999999997,1.3,0.09155734027253572,0.05866447953286092
454,183,0.4076923076923077,1.3,0.093147091168058,0.05866447953286092
455,183,0.41538461538461535,1.3,0.09160076007937332,0.05866447953286092
456,183,0.4230769230769231,1.3,0.08830753411241969,0.05866447953286092
457,183,0.43076923076923074,1.3,0.08971389906272856,0.05866447953286092
458,183,0.43846153846153846,1.3,0.08775606930985694,0.05866447953286092
459,183,0.4461538461538461,1.3,0.08852219313485676,0.05866447953286092
460,183,0.4538461538461538,1.3,0.08694262056159767,0.05866447953286092
461,183,0.4615384615384615,1.3,0.08800108730114316,0.05866447953286092
462,183,0.46923076923076923,1.3,0.08695126933612965,0.05866447953286092
463,183,0.4769230769230769,1.3,0.0905232265413082,0.05866447953286092
464,183,0.48461538461538456,1.3,0.0878775866698626,0.05866447953286092
465,183,0.4923076923076923,1.3,0.08868165654787974,0.05866447953286092
466,183,0.5,1.3,0.08735710067239508,0.05866447953286092
467,183,0.5076923076923077,1.3,0.08732093973482616,0.05866447953286092
468,183,0.5153846153846153,1.3,0.08766537930353703,0.05866447953286092
469,183,0.523076923076923,1.3,0.08903961398276049,0.05866447953286092
470,183,0.5307692307692308,1.3,0.0875538765491517,0.05866447953286092
471,183,0.5384615384615384,1.3,0.08837190323210058,0.05866447953286092
472,183,0.5461538461538461,1.3,0.08901165195974116,0.05866447953286092
473,183,0.5538461538461539,1.3,0.08824737162475135,0.05866447953286092
474,183,0.5615384615384615,1.3,0.08844162750716661,0.05866447953286092
475,183,0.5692307692307692,1.3,0.08998331019292555,0.05866447953286092
476,183,0.5769230769230769,1.3,0.08706428344597764,0.05866447953286092
477,183,0.5846153846153845,1.3,0.08764425592937607,0.05866447953286092
478,183,0.5923076923076922,1.3,0.08852492027219369,0.05866447953286092
479,183,0.6,1.3,0.08728651167397178,0.05866447953286092
480,198,0.3,1.3,0.09564208329711643,0.05866447953286092
481,198,0.30769230769230765,1.3,0.09380018046155725,0.05866447953286092
482,198,0.3153846153846154,1.3,0.0924063614257157,0.05866447953286092
483,198,0.32307692307692304,1.3,0.09172754980145441,0.05866447953286092
484,198,0.33076923076923076,1.3,0.09136573458426386,0.05866447953286092
485,198,0.3384615384615384,1.3,0.09040787403489177,0.05866447953286092
486,198,0.34615384615384615,1.3,0.09070180805775306,0.05866447953286092
487,198,0.3538461538461538,1.3,0.08772624370462041,0.05866447953286092
488,198,0.36153846153846153,1.3,0.08616594170721763,0.05866447953286092
489,198,0.3692307692307692,1.3,0.08760833755788844,0.05866447953286092
490,198,0.3769230769230769,1.3,0.08786150337089563,0.05866447953286092
491,198,0.3846153846153846,1.3,0.08755056677022159,0.05866447953286092
492,198,0.3923076923076923,1.3,0.08542030021647633,0.05866447953286092
493,198,0.39999999999999997,1.3,0.08650300575331761,0.05866447953286092
494,198,0.4076923076923077,1.3,0.08505985470008662,0.05866447953286092
495,198,0.41538461538461535,1.3,0.085714382071902,0.05866447953286092
496,198,0.4230769230769231,1.3,0.08435606679975231,0.05866447953286092
497,198,0.43076923076923074,1.3,0.08351086890829876,0.05866447953286092
498,198,0.43846153846153846,1.3,0.08536323362656695,0.05866447953286092
499,198,0.4461538461538461,1.3,0.08498922832880766,0.05866447953286092
500,198,0.4538461538461538,1.3,0.08433883839581886,0.05866447953286092
501,198,0.4615384615384615,1.3,0.08297524857789486,0.05866447953286092
502,198,0.46923076923076923,1.3,0.08380955561637939,0.05866447953286092
503,198,0.4769230769230769,1.3,0.08466403617900564,0.05866447953286092
504,198,0.48461538461538456,1.3,0.08419270052551822,0.05866447953286092
505,198,0.4923076923076923,1.3,0.08312022444161728,0.05866447953286092
506,198,0.5,1.3,0.08236668348136714,0.05866447953286092
507,198,0.5076923076923077,1.3,0.08334807746063048,0.05866447953286092
508,198,0.5153846153846153,1.3,0.0832179264681268,0.05866447953286092
509,198,0.523076923076923,1.3,0.08261938023165456,0.05866447953286092
510,198,0.5307692307692308,1.3,0.08251752146906069,0.05866447953286092
511,198,0.5384615384615384,1.3,0.08411068463141662,0.05866447953286092
512,198,0.5461538461538461,1.3,0.08266963845321516,0.05866447953286092
513,198,0.5538461538461539,1.3,0.08432684313004586,0.05866447953286092
514,198,0.5615384615384615,1.3,0.08334096786956116,0.05866447953286092
515,198,0.5692307692307692,1.3,0.08403154511857833,0.05866447953286092
516,198,0.5769230769230769,1.3,0.08356540671811745,0.05866447953286092
517,198,0.5846153846153845,1.3,0.08534632046835419,0.05866447953286092
518,198,0.5923076923076922,1.3,0.08340965101938955,0.05866447953286092
519,198,0.6,1.3,0.08400298598744577,0.05866447953286092
520,213,0.3,1.3,0.0994572776296996,0.05866447953286092
521,213,0.30769230769230765,1.3,0.09497968885229069,0.05866447953286092
522,213,0.3153846153846154,1.3,0.0989442349778108,0.05866447953286092
523,213,0.32307692307692304,1.3,0.09472610718856433,0.05866447953286092
524,213,0.33076923076923076,1.3,0.09232936649964019,0.05866447953286092
525,213,0.3384615384615384,1.3,0.09115484297084177,0.05866447953286092
526,213,0.34615384615384615,1.3,0.09245538010921708,0.05866447953286092
527,213,0.3538461538461538,1.3,0.09096476998409611,0.05866447953286092
528,213,0.36153846153846153,1.3,0.090246831548146,0.05866447953286092
529,213,0.3692307692307692,1.3,0.08963190172153304,0.05866447953286092
530,213,0.3769230769230769,1.3,0.08897361144970202,0.05866447953286092
531,213,0.3846153846153846,1.3,0.08755375830996644,0.05866447953286092
532,213,0.3923076923076923,1.3,0.08902238597770122,0.05866447953286092
533,213,0.39999999999999997,1.3,0.08820075844541551,0.05866447953286092
534,213,0.4076923076923077,1.3,0.09007533431076473,0.05866447953286092
535,213,0.41538461538461535,1.3,0.08864224004239954,0.05866447953286092
536,213,0.4230769230769231,1.3,0.08996330474786783,0.05866447953286092
537,213,0.43076923076923074,1.3,0.0903195206815499,0.05866447953286092
538,213,0.43846153846153846,1.3,0.0884342255099704,0.05866447953286092
539,213,0.4461538461538461,1.3,0.08532467521675062,0.05866447953286092
540,213,0.4538461538461538,1.3,0.08893043854829238,0.05866447953286092
541,213,0.4615384615384615,1.3,0.08581275622291015,0.05866447953286092
542,213,0.46923076923076923,1.3,0.08671363205465613,0.05866447953286092
543,213,0.4769230769230769,1.3,0.08587917065062271,0.05866447953286092
544,213,0.48461538461538456,1.3,0.08496972795964122,0.05866447953286092
545,213,0.4923076923076923,1.3,0.08556378436733728,0.05866447953286092
546,213,0.5,1.3,0.08526330582683402,0.05866447953286092
547,213,0.5076923076923077,1.3,0.0846526089746629,0.05866447953286092
548,213,0.5153846153846153,1.3,0.08588628831186296,0.05866447953286092
549,213,0.523076923076923,1.3,0.08517450767884739,0.05866447953286092
550,213,0.5307692307692308,1.3,0.08559356955878689,0.05866447953286092
551,213,0.5384615384615384,1.3,0.08755083934624763,0.05866447953286092
552,213,0.5461538461538461,1.3,0.08446962187472087,0.05866447953286092
553,213,0.5538461538461539,1.3,0.08559733131440536,0.05866447953286092
554,213,0.5615384615384615,1.3,0.08636242780492673,0.05866447953286092
555,213,0.5692307692307692,1.3,0.08552479703633335,0.05866447953286092
556,213,0.5769230769230769,1.3,0.08520876814306369,0.05866447953286092
557,213,0.5846153846153845,1.3,0.08594810392598541,0.05866447953286092
558,213,0.5923076923076922,1.3,0.08474934694749177,0.05866447953286092
559,213,0.6,1.3,0.08559278171572932,0.05866447953286092
560,228,0.3,1.3,0.09634197968467137,0.05866447953286092
561,228,0.30769230769230765,1.3,0.09610235270146905,0.05866447953286092
562,228,0.3153846153846154,1.3,0.09574452799397355,0.05866447953286092
563,228,0.32307692307692304,1.3,0.09441726841388869,0.05866447953286092
564,228,0.33076923076923076,1.3,0.09392339806576884,0.05866447953286092
565,228,0.3384615384615384,1.3,0.09315436433698586,0.05866447953286092
566,228,0.34615384615384615,1.3,0.09265884048576559,0.05866447953286092
567,228,0.3538461538461538,1.3,0.09512016861512143,0.05866447953286092
568,228,0.36153846153846153,1.3,0.09058058321520367,0.05866447953286092
569,228,0.3692307692307692,1.3,0.08998161649541363,0.05866447953286092
570,228,0.3769230769230769,1.3,0.09080182648038551,0.05866447953286092
571,228,0.3846153846153846,1.3,0.08766326493707591,0.05866447953286092
572,228,0.3923076923076923,1.3,0.09018558759656865,0.05866447953286092
573,228,0.39999999999999997,1.3,0.08979270325712334,0.05866447953286092
574,228,0.4076923076923077,1.3,0.08948194520296028,0.05866447953286092
575,228,0.41538461538461535,1.3,0.08665856131647716,0.05866447953286092
576,228,0.4230769230769231,1.3,0.0862124205774424,0.05866447953286092
577,228,0.43076923076923074,1.3,0.08614008161571703,0.05866447953286092
578,228,0.43846153846153846,1.3,0.08702627516931365,0.05866447953286092
579,228,0.4461538461538461,1.3,0.08647479856411525,0.05866447953286092
580,228,0.4538461538461538,1.3,0.08525966034767943,0.05866447953286092
581,228,0.4615384615384615,1.3,0.08609524321565763,0.05866447953286092
582,228,0.46923076923076923,1.3,0.08595210519880034,0.05866447953286092
583,228,0.4769230769230769,1.3,0.08621107283174924,0.05866447953286092
584,228,0.48461538461538456,1.3,0.08650034595008788,0.05866447953286092
585,228,0.4923076923076923,1.3,0.08606130356200961,0.05866447953286092
586,228,0.5,1.3,0.08553929798386947,0.05866447953286092
587,228,0.5076923076923077,1.3,0.08728989059371779,0.05866447953286092
588,228,0.5153846153846153,1.3,0.0852913377159266,0.05866447953286092
589,228,0.523076923076923,1.3,0.08645196899276986,0.05866447953286092
590,228,0.5307692307692308,1.3,0.08562440579413928,0.05866447953286092
591,228,0.5384615384615384,1.3,0.08614720660974258,0.05866447953286092
592,228,0.5461538461538461,1.3,0.08592591145032927,0.05866447953286092
593,228,0.5538461538461539,1.3,0.08489148260814519,0.05866447953286092
594,228,0.5615384615384615,1.3,0.08612063866907263,0.05866447953286092
595,228,0.5692307692307692,1.3,0.08563272631850963,0.05866447953286092
596,228,0.5769230769230769,1.3,0.08510625177914684,0.05866447953286092
597,228,0.5846153846153845,1.3,0.08498193297670031,0.05866447953286092
598,228,0.5923076923076922,1.3,0.0842687270249331,0.05866447953286092
599,228,0.6,1.3,0.08630298495371781,0.05866447953286092
600,243,0.3,1.3,0.09745901846137162,0.05866447953286092
601,243,0.30769230769230765,1.3,0.094736018604589,0.05866447953286092
602,243,0.3153846153846154,1.3,0.09571019146367082,0.05866447953286092
603,243,0.32307692307692304,1.3,0.0932870649428894,0.05866447953286092
604,243,0.33076923076923076,1.3,0.09155412525327297,0.05866447953286092
605,243,0.3384615384615384,1.3,0.09348793143269776,0.05866447953286092
606,243,0.34615384615384615,1.3,0.08989044579313002,0.05866447953286092
607,243,0.3538461538461538,1.3,0.08947104024326111,0.05866447953286092
608,243,0.36153846153846153,1.3,0.08968797321429818,0.05866447953286092
609,243,0.3692307692307692,1.3,0.0893064771201197,0.05866447953286092
610,243,0.3769230769230769,1.3,0.08852080696735076,0.05866447953286092
611,243,0.3846153846153846,1.3,0.08669520423888358,0.05866447953286092
612,243,0.3923076923076923,1.3,0.08992347478238097,0.05866447953286092
613,243,0.39999999999999997,1.3,0.08609475134908132,0.05866447953286092
614,243,0.4076923076923077,1.3,0.08430053521730646,0.05866447953286092
615,243,0.41538461538461535,1.3,0.0852549474864939,0.05866447953286092
616,243,0.4230769230769231,1.3,0.08504246640344981,0.05866447953286092
617,243,0.43076923076923074,1.3,0.08681721282491686,0.05866447953286092
618,243,0.43846153846153846,1.3,0.08642427301265518,0.05866447953286092
619,243,0.4461538461538461,1.3,0.08388937727114862,0.05866447953286092
620,243,0.4538461538461538,1.3,0.08247860530164315,0.05866447953286092
621,243,0.4615384615384615,1.3,0.0846002884021824,0.05866447953286092
622,243,0.46923076923076923,1.3,0.0835202048734763,0.05866447953286092
623,243,0.4769230769230769,1.3,0.08356838570394982,0.05866447953286092
624,243,0.48461538461538456,1.3,0.08343595734907136,0.05866447953286092
625,243,0.4923076923076923,1.3,0.08542634595708361,0.05866447953286092
626,243,0.5,1.3,0.08294566681539703,0.05866447953286092
627,243,0.5076923076923077,1.3,0.08326141598954132,0.05866447953286092
628,243,0.5153846153846153,1.3,0.08330290963762639,0.05866447953286092
629,243,0.523076923076923,1.3,0.08316156711624294,0.05866447953286092
630,243,0.5307692307692308,1.3,0.08422762421632418,0.05866447953286092
631,243,0.5384615384615384,1.3,0.08174905774603064,0.05866447953286092
632,243,0.5461538461538461,1.3,0.08387917710971221,0.05866447953286092
633,243,0.5538461538461539,1.3,0.0846796142118512,0.05866447953286092
634,243,0.5615384615384615,1.3,0.08218496616038559,0.05866447953286092
635,243,0.5692307692307692,1.3,0.08423531056175548,0.05866447953286092
636,243,0.5769230769230769,1.3,0.08139239817933952,0.05866447953286092
637,243,0.5846153846153845,1.3,0.08393482752895022,0.05866447953286092
638,243,0.5923076923076922,1.3,0.08411780504543251,0.05866447953286092
639,243,0.6,1.3,0.08216605904630227,0.05866447953286092
640,257,0.3,1.3,0.10895863104796485,0.05866447953286092
641,257,0.30769230769230765,1.3,0.09994536419768615,0.05866447953286092
642,257,0.3153846153846154,1.3,0.09915952951164825,0.05866447953286092
643,257,0.32307692307692304,1.3,0.10027274931482902,0.05866447953286092
644,257,0.33076923076923076,1.3,0.09944910846738304,0.05866447953286092
645,257,0.3384615384615384,1.3,0.0985755369570944,0.05866447953286092
646,257,0.34615384615384615,1.3,0.09523865182093513,0.05866447953286092
647,257,0.3538461538461538,1.3,0.09406484740063478,0.05866447953286092
648,257,0.36153846153846153,1.3,0.09404596657577659,0.05866447953286092
649,257,0.3692307692307692,1.3,0.09477691091904303,0.05866447953286092
650,257,0.3769230769230769,1.3,0.09357014772910872,0.05866447953286092
651,257,0.3846153846153846,1.3,0.0940397459623672,0.05866447953286092
652,257,0.3923076923076923,1.3,0.09358494475805765,0.05866447953286092
653,257,0.39999999999999997,1.3,0.09205067117522718,0.05866447953286092
654,257,0.4076923076923077,1.3,0.09143664224354339,0.05866447953286092
655,257,0.41538461538461535,1.3,0.08997264189957146,0.05866447953286092
656,257,0.4230769230769231,1.3,0.09057242206537909,0.05866447953286092
657,257,0.43076923076923074,1.3,0.08891351312279375,0.05866447953286092
658,257,0.43846153846153846,1.3,0.08888031079002127,0.05866447953286092
659,257,0.4461538461538461,1.3,0.08748896633326927,0.05866447953286092
660,257,0.4538461538461538,1.3,0.090843495990051,0.05866447953286092
661,257,0.4615384615384615,1.3,0.08882693513547021,0.05866447953286092
662,257,0.46923076923076923,1.3,0.08923926402065237,0.05866447953286092
663,257,0.4769230769230769,1.3,0.08812569530641039,0.05866447953286092
664,257,0.48461538461538456,1.3,0.08875479207883673,0.05866447953286092
665,257,0.4923076923076923,1.3,0.08582064515173822,0.05866447953286092
666,257,0.5,1.3,0.08770281593711791,0.05866447953286092
667,257,0.5076923076923077,1.3,0.08698902326127927,0.05866447953286092
668,257,0.5153846153846153,1.3,0.08741645812976366,0.05866447953286092
669,257,0.523076923076923,1.3,0.08788046841516131,0.05866447953286092
670,257,0.5307692307692308,1.3,0.08658901481609753,0.05866447953286092
671,257,0.5384615384615384,1.3,0.08779809595127741,0.05866447953286092
672,257,0.5461538461538461,1.3,0.08719949169762391,0.05866447953286092
673,257,0.5538461538461539,1.3,0.08681051115492791,0.05866447953286092
674,257,0.5615384615384615,1.3,0.0865337936623902,0.05866447953286092
675,257,0.5692307692307692,1.3,0.08658573136273162,0.05866447953286092
676,257,0.5769230769230769,1.3,0.08814427325729728,0.05866447953286092
677,257,0.5846153846153845,1.3,0.08792971678213579,0.05866447953286092
678,257,0.5923076923076922,1.3,0.08560217856365702,0.05866447953286092
679,257,0.6,1.3,0.08689634647313436,0.05866447953286092
680,272,0.3,1.3,0.10297960358353744,0.05866447953286092
681,272,0.30769230769230765,1.3,0.09902678226694542,0.05866447953286092
682,272,0.3153846153846154,1.3,0.10047381843945109,0.05866447953286092
683,272,0.32307692307692304,1.3,0.09551578049244805,0.05866447953286092
684,272,0.33076923076923076,1.3,0.0962429791984372,0.05866447953286092
685,272,0.3384615384615384,1.3,0.09397855121460671,0.05866447953286092
686,272,0.34615384615384615,1.3,0.09275941048941203,0.05866447953286092
687,272,0.3538461538461538,1.3,0.0932188087641013,0.05866447953286092
688,272,0.36153846153846153,1.3,0.09067824688887585,0.05866447953286092
689,272,0.3692307692307692,1.3,0.09221883398346153,0.05866447953286092
690,272,0.3769230769230769,1.3,0.08857766098945714,0.05866447953286092
691,272,0.3846153846153846,1.3,0.08753064480361614,0.05866447953286092
692,272,0.3923076923076923,1.3,0.0888501804587742,0.05866447953286092
693,272,0.39999999999999997,1.3,0.0871088067657723,0.05866447953286092
694,272,0.4076923076923077,1.3,0.08871520674311911,0.05866447953286092
695,272,0.41538461538461535,1.3,0.08715209301738201,0.05866447953286092
696,272,0.4230769230769231,1.3,0.08617329460176387,0.05866447953286092
697,272,0.43076923076923074,1.3,0.08563682387361975,0.05866447953286092
698,272,0.43846153846153846,1.3,0.08563739886333521,0.05866447953286092
699,272,0.4461538461538461,1.3,0.0875729040362615,0.05866447953286092
700,272,0.4538461538461538,1.3,0.08665143835100715,0.05866447953286092
701,272,0.4615384615384615,1.3,0.08556330387008718,0.05866447953286092
702,272,0.46923076923076923,1.3,0.0862759015350715,0.05866447953286092
703,272,0.4769230769230769,1.3,0.0840337518230709,0.05866447953286092
704,272,0.48461538461538456,1.3,0.08426646282454661,0.05866447953286092
705,272,0.4923076923076923,1.3,0.08556645280314709,0.05866447953286092
706,272,0.5,1.3,0.08506290729857093,0.05866447953286092
707,272,0.5076923076923077,1.3,0.08386649488028482,0.05866447953286092
708,272,0.5153846153846153,1.3,0.0838279794047895,0.05866447953286092
709,272,0.523076923076923,1.3,0.08309656235289198,0.05866447953286092
710,272,0.5307692307692308,1.3,0.08587393430025107,0.05866447953286092
711,272,0.5384615384615384,1.3,0.08361493829636614,0.05866447953286092
712,272,0.5461538461538461,1.3,0.08447022389187056,0.05866447953286092
713,272,0.5538461538461539,1.3,0.082949610900234,0.05866447953286092
714,272,0.5615384615384615,1.3,0.08332788155716084,0.05866447953286092
715,272,0.5692307692307692,1.3,0.08463411053168961,0.05866447953286092
716,272,0.5769230769230769,1.3,0.08520629828130008,0.05866447953286092
717,272,0.5846153846153845,1.3,0.08285188322497437,0.05866447953286092
718,272,0.5923076923076922,1.3,0.08300800637710501,0.05866447953286092
719,272,0.6,1.3,0.08505697043401036,0.05866447953286092
720,287,0.3,1.3,0.10022263249836105,0.05866447953286092
721,287,0.30769230769230765,1.3,0.09977182985129525,0.05866447953286092
722,287,0.3153846153846154,1.3,0.09759417871138959,0.05866447953286092
723,287,0.32307692307692304,1.3,0.09659647472046923,0.05866447953286092
724,287,0.33076923076923076,1.3,0.09448754427406031,0.05866447953286092
725,287,0.3384615384615384,1.3,0.09319038464656457,0.05866447953286092
726,287,0.34615384615384615,1.3,0.09429946373453213,0.05866447953286092
727,287,0.3538461538461538,1.3,0.09255099182305171,0.05866447953286092
728,287,0.36153846153846153,1.3,0.09157665831115698,0.05866447953286092
729,287,0.3692307692307692,1.3,0.09118638380298263,0.05866447953286092
730,287,0.3769230769230769,1.3,0.0901305012163838,0.05866447953286092
731,287,0.3846153846153846,1.3,0.09021313104286684,0.05866447953286092
732,287,0.3923076923076923,1.3,0.08815781548859226,0.05866447953286092
733,287,0.39999999999999997,1.3,0.08887606101180145,0.05866447953286092
734,287,0.4076923076923077,1.3,0.08619360120281064,0.05866447953286092
735,287,0.41538461538461535,1.3,0.08564511717576315,0.05866447953286092
736,287,0.4230769230769231,1.3,0.0854040122592118,0.05866447953286092
737,287,0.43076923076923074,1.3,0.08749124736551972,0.05866447953286092
738,287,0.43846153846153846,1.3,0.0857591480568006,0.05866447953286092
739,287,0.4461538461538461,1.3,0.08676627417758373,0.05866447953286092
740,287,0.4538461538461538,1.3,0.08753002218980774,0.05866447953286092
741,287,0.4615384615384615,1.3,0.0845545463896727,0.05866447953286092
742,287,0.46923076923076923,1.3,0.08579934529837076,0.05866447953286092
743,287,0.4769230769230769,1.3,0.08351354222247426,0.05866447953286092
744,287,0.48461538461538456,1.3,0.08451998216502724,0.05866447953286092
745,287,0.4923076923076923,1.3,0.08205137179393754,0.05866447953286092
746,287,0.5,1.3,0.08384415459125813,0.05866447953286092
747,287,0.5076923076923077,1.3,0.08200587273495598,0.05866447953286092
748,287,0.5153846153846153,1.3,0.08314623422052206,0.05866447953286092
749,287,0.523076923076923,1.3,0.08190883984968797,0.05866447953286092
750,287,0.5307692307692308,1.3,0.08213417846893974,0.05866447953286092
751,287,0.5384615384615384,1.3,0.08228674713768257,0.05866447953286092
752,287,0.5461538461538461,1.3,0.08290148591845367,0.05866447953286092
753,287,0.5538461538461539,1.3,0.08163298715289882,0.05866447953286092
754,287,0.5615384615384615,1.3,0.08141642377864862,0.05866447953286092
755,287,0.5692307692307692,1.3,0.08210285596991757,0.05866447953286092
756,287,0.5769230769230769,1.3,0.08260555645538292,0.05866447953286092
757,287,0.5846153846153845,1.3,0.08207770757853806,0.05866447953286092
758,287,0.5923076923076922,1.3,0.08164687112160454,0.05866447953286092
759,287,0.6,1.3,0.08226839807265893,0.05866447953286092
760,302,0.3,1.3,0.09877957154876876,0.05866447953286092
761,302,0.30769230769230765,1.3,0.10112642956682465,0.05866447953286092
762,302,0.3153846153846154,1.3,0.09745451819509102,0.05866447953286092
763,302,0.32307692307692304,1.3,0.0960237428993369,0.05866447953286092
764,302,0.33076923076923076,1.3,0.09528378149031828,0.05866447953286092
765,302,0.3384615384615384,1.3,0.0967575270482263,0.05866447953286092
766,302,0.34615384615384615,1.3,0.09118208409650737,0.05866447953286092
767,302,0.3538461538461538,1.3,0.09162430756892426,0.05866447953286092
768,302,0.36153846153846153,1.3,0.09123864196134077,0.05866447953286092
769,302,0.3692307692307692,1.3,0.08849715005876038,0.05866447953286092
770,302,0.3769230769230769,1.3,0.08875473409810843,0.05866447953286092
771,302,0.3846153846153846,1.3,0.09135400786423123,0.05866447953286092
772,302,0.3923076923076923,1.3,0.08946223646868026,0.05866447953286092
773,302,0.39999999999999997,1.3,0.08676694066054698,0.05866447953286092
774,302,0.4076923076923077,1.3,0.0896808074327751,0.05866447953286092
775,302,0.41538461538461535,1.3,0.08665883093212079,0.05866447953286092
776,302,0.4230769230769231,1.3,0.08463832930348103,0.05866447953286092
777,302,0.43076923076923074,1.3,0.08626592696737835,0.05866447953286092
778,302,0.43846153846153846,1.3,0.08420044466359691,0.05866447953286092
779,302,0.4461538461538461,1.3,0.08482642855959946,0.05866447953286092
780,302,0.4538461538461538,1.3,0.08295724517409828,0.05866447953286092
781,302,0.4615384615384615,1.3,0.08407256913089353,0.05866447953286092
782,302,0.46923076923076923,1.3,0.08444620416321189,0.05866447953286092
783,302,0.4769230769230769,1.3,0.08342304402301651,0.05866447953286092
784,302,0.48461538461538456,1.3,0.08330657535275285,0.05866447953286092
785,302,0.4923076923076923,1.3,0.0824891201919152,0.05866447953286092
786,302,0.5,1.3,0.08517671775049339,0.05866447953286092
787,302,0.5076923076923077,1.3,0.0824665451826431,0.05866447953286092
788,302,0.5153846153846153,1.3,0.08269037387322087,0.05866447953286092
789,302,0.523076923076923,1.3,0.08311007507132037,0.05866447953286092
790,302,0.5307692307692308,1.3,0.08444719870548698,0.05866447953286092
791,302,0.5384615384615384,1.3,0.08280624272397913,0.05866447953286092
792,302,0.5461538461538461,1.3,0.08337058638857997,0.05866447953286092
793,302,0.5538461538461539,1.3,0.0833750397394028,0.05866447953286092
794,302,0.5615384615384615,1.3,0.08146182576945366,0.05866447953286092
795,302,0.5692307692307692,1.3,0.08257931035697372,0.05866447953286092
796,302,0.5769230769230769,1.3,0.08121472448451743,0.05866447953286092
797,302,0.5846153846153845,1.3,0.08279075579291827,0.05866447953286092
798,302,0.5923076923076922,1.3,0.08231250735365707,0.05866447953286092
799,302,0.6,1.3,0.08321426046051927,0.05866447953286092
800,317,0.3,1.3,0.11136512671953243,0.05866447953286092
801,317,0.30769230769230765,1.3,0.10428142410645302,0.05866447953286092
802,317,0.3153846153846154,1.3,0.10449847265966954,0.05866447953286092
803,317,0.32307692307692304,1.3,0.10561198114230357,0.05866447953286092
804,317,0.33076923076923076,1.3,0.10110021316624998,0.05866447953286092
805,317,0.3384615384615384,1.3,0.10079546861617686,0.05866447953286092
806,317,0.34615384615384615,1.3,0.0993460723891342,0.05866447953286092
807,317,0.3538461538461538,1.3,0.09757547323671467,0.05866447953286092
808,317,0.36153846153846153,1.3,0.09497073978433188,0.05866447953286092
809,317,0.3692307692307692,1.3,0.09372074067291594,0.05866447953286092
810,317,0.3769230769230769,1.3,0.09565138252773941,0.05866447953286092
811,317,0.3846153846153846,1.3,0.0917398017776915,0.05866447953286092
812,317,0.3923076923076923,1.3,0.09199090094678183,0.05866447953286092
813,317,0.39999999999999997,1.3,0.09055574413102252,0.05866447953286092
814,317,0.4076923076923077,1.3,0.09119691849764663,0.05866447953286092
815,317,0.41538461538461535,1.3,0.09152460011187614,0.05866447953286092
816,317,0.4230769230769231,1.3,0.08977989772382322,0.05866447953286092
817,317,0.43076923076923074,1.3,0.08966461243694177,0.05866447953286092
818,317,0.43846153846153846,1.3,0.09041411329372094,0.05866447953286092
819,317,0.4461538461538461,1.3,0.08871546223361923,0.05866447953286092
820,317,0.4538461538461538,1.3,0.08953523848770854,0.05866447953286092
821,317,0.4615384615384615,1.3,0.08836426232504144,0.05866447953286092
822,317,0.46923076923076923,1.3,0.0873372042389091,0.05866447953286092
823,317,0.4769230769230769,1.3,0.08600667888068088,0.05866447953286092
824,317,0.48461538461538456,1.3,0.08735457925396363,0.05866447953286092
825,317,0.4923076923076923,1.3,0.0867093374077216,0.05866447953286092
826,317,0.5,1.3,0.08726471288817499,0.05866447953286092
827,317,0.5076923076923077,1.3,0.0869812461640695,0.05866447953286092
828,317,0.5153846153846153,1.3,0.08756082299257642,0.05866447953286092
829,317,0.523076923076923,1.3,0.08483123345912037,0.05866447953286092
830,317,0.5307692307692308,1.3,0.08704063714710258,0.05866447953286092
831,317,0.5384615384615384,1.3,0.0873015255009781,0.05866447953286092
832,317,0.5461538461538461,1.3,0.08589582601340787,0.05866447953286092
833,317,0.5538461538461539,1.3,0.08463096179541744,0.05866447953286092
834,317,0.5615384615384615,1.3,0.08526759559199615,0.05866447953286092
835,317,0.5692307692307692,1.3,0.08563324133726788,0.05866447953286092
836,317,0.5769230769230769,1.3,0.08617951387987485,0.05866447953286092
837,317,0.5846153846153845,1.3,0.08462474651962473,0.05866447953286092
838,317,0.5923076923076922,1.3,0.08598929450469935,0.05866447953286092
839,317,0.6,1.3,0.08564129861499857,0.05866447953286092
840,332,0.3,1.3,0.11132957923397375,0.05866447953286092
841,332,0.30769230769230765,1.3,0.11088319670150415,0.05866447953286092
842,332,0.3153846153846154,1.3,0.10565289929278321,0.05866447953286092
843,332,0.32307692307692304,1.3,0.10448450059392564,0.05866447953286092
844,332,0.33076923076923076,1.3,0.10507047421094924,0.05866447953286092
845,332,0.3384615384615384,1.3,0.09918802996820136,0.05866447953286092
846,332,0.34615384615384615,1.3,0.09993866135410809,0.05866447953286092
847,332,0.3538461538461538,1.3,0.10208144922522214,0.05866447953286092
848,332,0.36153846153846153,1.3,0.09739535918150115,0.05866447953286092
849,332,0.3692307692307692,1.3,0.09762185498289075,0.05866447953286092
850,332,0.3769230769230769,1.3,0.09731644497862889,0.05866447953286092
851,332,0.3846153846153846,1.3,0.09466710896689409,0.05866447953286092
852,332,0.3923076923076923,1.3,0.09298046368848567,0.05866447953286092
853,332,0.39999999999999997,1.3,0.09361349059476128,0.05866447953286092
854,332,0.4076923076923077,1.3,0.09258639156110887,0.05866447953286092
855,332,0.41538461538461535,1.3,0.09218233252900906,0.05866447953286092
856,332,0.4230769230769231,1.3,0.09139840802168434,0.05866447953286092
857,332,0.43076923076923074,1.3,0.09045512226782879,0.05866447953286092
858,332,0.43846153846153846,1.3,0.0894854008543163,0.05866447953286092
859,332,0.4461538461538461,1.3,0.08936967267114784,0.05866447953286092
860,332,0.4538461538461538,1.3,0.08971687457409468,0.05866447953286092
861,332,0.4615384615384615,1.3,0.08971706642183812,0.05866447953286092
862,332,0.46923076923076923,1.3,0.08913633575111472,0.05866447953286092
863,332,0.4769230769230769,1.3,0.0875648996427665,0.05866447953286092
864,332,0.48461538461538456,1.3,0.08835821872740983,0.05866447953286092
865,332,0.4923076923076923,1.3,0.08793515281656623,0.05866447953286092
866,332,0.5,1.3,0.09084290085165611,0.05866447953286092
867,332,0.5076923076923077,1.3,0.08778851836272357,0.05866447953286092
868,332,0.5153846153846153,1.3,0.08710102956289445,0.05866447953286092
869,332,0.523076923076923,1.3,0.08791946444945956,0.05866447953286092
870,332,0.5307692307692308,1.3,0.0876171040537565,0.05866447953286092
871,332,0.5384615384615384,1.3,0.08716099760546256,0.05866447953286092
872,332,0.5461538461538461,1.3,0.08641298827173596,0.05866447953286092
873,332,0.5538461538461539,1.3,0.08506159482858465,0.05866447953286092
874,332,0.5615384615384615,1.3,0.0853562667532036,0.05866447953286092
875,332,0.5692307692307692,1.3,0.08416124764271088,0.05866447953286092
876,332,0.5769230769230769,1.3,0.0853374545850489,0.05866447953286092
877,332,0.5846153846153845,1.3,0.0863443268360788,0.05866447953286092
878,332,0.5923076923076922,1.3,0.08502665227345148,0.05866447953286092
879,332,0.6,1.3,0.08687415341111845,0.05866447953286092
880,347,0.3,1.3,0.10916426832939585,0.05866447953286092
881,347,0.30769230769230765,1.3,0.11101463812404067,0.05866447953286092
882,347,0.3153846153846154,1.3,0.10534853865114757,0.05866447953286092
883,347,0.32307692307692304,1.3,0.1043956468368974,0.05866447953286092
884,347,0.33076923076923076,1.3,0.10263913811132479,0.05866447953286092
885,347,0.3384615384615384,1.3,0.0997504986974216,0.05866447953286092
886,347,0.34615384615384615,1.3,0.09919017367952103,0.05866447953286092
887,347,0.3538461538461538,1.3,0.09946015982060981,0.05866447953286092
888,347,0.36153846153846153,1.3,0.09830452801268333,0.05866447953286092
889,347,0.3692307692307692,1.3,0.0966058744130186,0.05866447953286092
890,347,0.3769230769230769,1.3,0.0970809003341492,0.05866447953286092
891,347,0.3846153846153846,1.3,0.09440886001822964,0.05866447953286092
892,347,0.3923076923076923,1.3,0.0934644651379289,0.05866447953286092
893,347,0.39999999999999997,1.3,0.09150219751024187,0.05866447953286092
894,347,0.4076923076923077,1.3,0.09192272923682314,0.05866447953286092
895,347,0.41538461538461535,1.3,0.09214177537952162,0.05866447953286092
896,347,0.4230769230769231,1.3,0.08916050382417462,0.05866447953286092
897,347,0.43076923076923074,1.3,0.09128538937951115,0.05866447953286092
898,347,0.43846153846153846,1.3,0.09212623162621987,0.05866447953286092
899,347,0.4461538461538461,1.3,0.0895244210487873,0.05866447953286092
900,347,0.4538461538461538,1.3,0.08774066123093274,0.05866447953286092
901,347,0.4615384615384615,1.3,0.09019365834147108,0.05866447953286092
902,347,0.46923076923076923,1.3,0.08979586604782483,0.05866447953286092
903,347,0.4769230769230769,1.3,0.08695280839812525,0.05866447953286092
904,347,0.48461538461538456,1.3,0.08973324981361343,0.05866447953286092
905,347,0.4923076923076923,1.3,0.08541336445925862,0.05866447953286092
906,347,0.5,1.3,0.08754351029546341,0.05866447953286092
907,347,0.5076923076923077,1.3,0.08655459365788258,0.05866447953286092
908,347,0.5153846153846153,1.3,0.08512791924010402,0.05866447953286092
909,347,0.523076923076923,1.3,0.08591482982441748,0.05866447953286092
910,347,0.5307692307692308,1.3,0.08525653046781759,0.05866447953286092
911,347,0.5384615384615384,1.3,0.0865025098687647,0.05866447953286092
912,347,0.5461538461538461,1.3,0.08523657006981021,0.05866447953286092
913,347,0.5538461538461539,1.3,0.08505363507719388,0.05866447953286092
914,347,0.5615384615384615,1.3,0.08429203180850012,0.05866447953286092
915,347,0.5692307692307692,1.3,0.08390840319265173,0.05866447953286092
916,347,0.5769230769230769,1.3,0.08517130052588313,0.05866447953286092
917,347,0.5846153846153845,1.3,0.08476531675409052,0.05866447953286092
918,347,0.5923076923076922,1.3,0.08453773807348783,0.05866447953286092
919,347,0.6,1.3,0.0857885920717201,0.05866447953286092
920,362,0.3,1.3,0.11320170732244264,0.05866447953286092
921,362,0.30769230769230765,1.3,0.10800435144962546,0.05866447953286092
922,362,0.3153846153846154,1.3,0.1090330291199337,0.05866447953286092
923,362,0.32307692307692304,1.3,0.10669589473265542,0.05866447953286092
924,362,0.33076923076923076,1.3,0.10468301008438322,0.05866447953286092
925,362,0.3384615384615384,1.3,0.1017321750962602,0.05866447953286092
926,362,0.34615384615384615,1.3,0.10148220665483801,0.05866447953286092
927,362,0.3538461538461538,1.3,0.09975337175042522,0.05866447953286092
928,362,0.36153846153846153,1.3,0.09839264618053337,0.05866447953286092
929,362,0.3692307692307692,1.3,0.09789904154075432,0.05866447953286092
930,362,0.3769230769230769,1.3,0.09766994891245687,0.05866447953286092
931,362,0.3846153846153846,1.3,0.09691264895463085,0.05866447953286092
932,362,0.3923076923076923,1.3,0.09341205077688124,0.05866447953286092
933,362,0.39999999999999997,1.3,0.09392516997765382,0.05866447953286092
934,362,0.4076923076923077,1.3,0.0945080632128564,0.05866447953286092
935,362,0.41538461538461535,1.3,0.0942293333947077,0.05866447953286092
936,362,0.4230769230769231,1.3,0.09200317517113384,0.05866447953286092
937,362,0.43076923076923074,1.3,0.09371550694817161,0.05866447953286092
938,362,0.43846153846153846,1.3,0.09085438172588031,0.05866447953286092
939,362,0.4461538461538461,1.3,0.09000526331581193,0.05866447953286092
940,362,0.4538461538461538,1.3,0.09061786168874822,0.05866447953286092
941,362,0.4615384615384615,1.3,0.08865001907671916,0.05866447953286092
942,362,0.46923076923076923,1.3,0.0891560697070575,0.05866447953286092
943,362,0.4769230769230769,1.3,0.08822707941186957,0.05866447953286092
944,362,0.48461538461538456,1.3,0.0889189497077392,0.05866447953286092
945,362,0.4923076923076923,1.3,0.08735987216508062,0.05866447953286092
946,362,0.5,1.3,0.08755762132270306,0.05866447953286092
947,362,0.5076923076923077,1.3,0.08823331418281992,0.05866447953286092
948,362,0.5153846153846153,1.3,0.08664047862113763,0.05866447953286092
949,362,0.523076923076923,1.3,0.08646124621438342,0.05866447953286092
950,362,0.5307692307692308,1.3,0.0859341810746435,0.05866447953286092
951,362,0.5384615384615384,1.3,0.08680052298610685,0.05866447953286092
952,362,0.5461538461538461,1.3,0.08706754451317893,0.05866447953286092
953,362,0.5538461538461539,1.3,0.08667121051303198,0.05866447953286092
954,362,0.5615384615384615,1.3,0.08561133896411152,0.05866447953286092
955,362,0.5692307692307692,1.3,0.08603686919730556,0.05866447953286092
956,362,0.5769230769230769,1.3,0.0851079488628567,0.05866447953286092
957,362,0.5846153846153845,1.3,0.08489534199422741,0.05866447953286092
958,362,0.5923076923076922,1.3,0.08577966939876508,0.05866447953286092
959,362,0.6,1.3,0.08605735100304915,0.05866447953286092
960,376,0.3,1.3,0.10860862802683417,0.05866447953286092
961,376,0.30769230769230765,1.3,0.1078385265416066,0.05866447953286092
962,376,0.3153846153846154,1.3,0.10591120802119558,0.05866447953286092
963,376,0.32307692307692304,1.3,0.10453200693702187,0.05866447953286092
964,376,0.33076923076923076,1.3,0.10305799440957679,0.05866447953286092
965,376,0.3384615384615384,1.3,0.09942498482996297,0.05866447953286092
966,376,0.34615384615384615,1.3,0.09902103898393395,0.05866447953286092
967,376,0.3538461538461538,1.3,0.09824348558375748,0.05866447953286092
968,376,0.36153846153846153,1.3,0.09979701920418957,0.05866447953286092
969,376,0.3692307692307692,1.3,0.09588277447608622,0.05866447953286092
970,376,0.3769230769230769,1.3,0.09514995283189949,0.05866447953286092
971,376,0.3846153846153846,1.3,0.09386084092210759,0.05866447953286092
972,376,0.3923076923076923,1.3,0.09309010594749313,0.05866447953286092
973,376,0.39999999999999997,1.3,0.08999699234635253,0.05866447953286092
974,376,0.4076923076923077,1.3,0.09111362467954207,0.05866447953286092
975,376,0.41538461538461535,1.3,0.09191174540729982,0.05866447953286092
976,376,0.4230769230769231,1.3,0.0906285264518754,0.05866447953286092
977,376,0.43076923076923074,1.3,0.0902466943015006,0.05866447953286092
978,376,0.43846153846153846,1.3,0.08797551357215268,0.05866447953286092
979,376,0.4461538461538461,1.3,0.08799632459078069,0.05866447953286092
980,376,0.4538461538461538,1.3,0.08694602250913935,0.05866447953286092
981,376,0.4615384615384615,1.3,0.08882895855355973,0.05866447953286092
982,376,0.46923076923076923,1.3,0.08713298762889919,0.05866447953286092
983,376,0.4769230769230769,1.3,0.08609670718300949,0.05866447953286092
984,376,0.48461538461538456,1.3,0.08631960672698917,0.05866447953286092
985,376,0.4923076923076923,1.3,0.08589055137545379,0.05866447953286092
986,376,0.5,1.3,0.08411268334274544,0.05866447953286092
987,376,0.5076923076923077,1.3,0.08450071979901928,0.05866447953286092
988,376,0.5153846153846153,1.3,0.08571759886770906,0.05866447953286092
989,376,0.523076923076923,1.3,0.08534435183347859,0.05866447953286092
990,376,0.5307692307692308,1.3,0.0847235067633014,0.05866447953286092
991,376,0.5384615384615384,1.3,0.08637268779527338,0.05866447953286092
992,376,0.5461538461538461,1.3,0.08425633115457352,0.05866447953286092
993,376,0.5538461538461539,1.3,0.08399781011565317,0.05866447953286092
994,376,0.5615384615384615,1.3,0.08391686752054256,0.05866447953286092
995,376,0.5692307692307692,1.3,0.0838402723146945,0.05866447953286092
996,376,0.5769230769230769,1.3,0.08384873884571195,0.05866447953286092
997,376,0.5846153846153845,1.3,0.08327078515754952,0.05866447953286092
998,376,0.5923076923076922,1.3,0.0825481225182765,0.05866447953286092
999,376,0.6,1.3,0.08227457785678811,0.05866447953286092
1000,391,0.3,1.3,0.11912083781324553,0.05866447953286092
1001,391,0.30769230769230765,1.3,0.11691103559417393,0.05866447953286092
1002,391,0.3153846153846154,1.3,0.11541006167289547,0.05866447953286092
1003,391,0.32307692307692304,1.3,0.1122604581131889,0.05866447953286092
1004,391,0.33076923076923076,1.3,0.11456893460864996,0.05866447953286092
1005,391,0.3384615384615384,1.3,0.10930212839405043,0.05866447953286092
1006,391,0.34615384615384615,1.3,0.10799679399691206,0.05866447953286092
1007,391,0.3538461538461538,1.3,0.10553695331981619,0.05866447953286092
1008,391,0.36153846153846153,1.3,0.10234752975024693,0.05866447953286092
1009,391,0.3692307692307692,1.3,0.10173301405605537,0.05866447953286092
1010,391,0.3769230769230769,1.3,0.10428625537314118,0.05866447953286092
1011,391,0.3846153846153846,1.3,0.10029119613179213,0.05866447953286092
1012,391,0.3923076923076923,1.3,0.10024967061315378,0.05866447953286092
1013,391,0.39999999999999997,1.3,0.0984326529821981,0.05866447953286092
1014,391,0.4076923076923077,1.3,0.0971338538907773,0.05866447953286092
1015,391,0.41538461538461535,1.3,0.09475695488006733,0.05866447953286092
1016,391,0.4230769230769231,1.3,0.09637222691817118,0.05866447953286092
1017,391,0.43076923076923074,1.3,0.09441793648788359,0.05866447953286092
1018,391,0.43846153846153846,1.3,0.09274213147814139,0.05866447953286092
1019,391,0.4461538461538461,1.3,0.0929073545670341,0.05866447953286092
1020,391,0.4538461538461538,1.3,0.09245598747454198,0.05866447953286092
1021,391,0.4615384615384615,1.3,0.09383902351985486,0.05866447953286092
1022,391,0.46923076923076923,1.3,0.09279583048784228,0.05866447953286092
1023,391,0.4769230769230769,1.3,0.09105083959696685,0.05866447953286092
1024,391,0.48461538461538456,1.3,0.09180316584723283,0.05866447953286092
1025,391,0.4923076923076923,1.3,0.0905800736903714,0.05866447953286092
1026,391,0.5,1.3,0.09234939752946045,0.05866447953286092
1027,391,0.5076923076923077,1.3,0.08976204376934535,0.05866447953286092
1028,391,0.5153846153846153,1.3,0.08913771862093711,0.05866447953286092
1029,391,0.523076923076923,1.3,0.0900880234283175,0.05866447953286092
1030,391,0.5307692307692308,1.3,0.08863406766269631,0.05866447953286092
1031,391,0.5384615384615384,1.3,0.08862640552088022,0.05866447953286092
